{
  "analysis_info": {
    "dataset_type": "huggingface",
    "dataset_name": "jonathancui/oxford-pets",
    "num_samples": 7349,
    "max_samples": 7349,
    "batch_size": 16,
    "random_seed": 42
  },
  "dataset_config": {
    "custom_path": null,
    "hf_name": "jonathancui/oxford-pets",
    "hf_split": null
  },
  "models": {
    "original_path": "/home/marjans/DinoV3LightningTraining/dinov3_official_weights/dinov3_vits16_pretrain_lvd1689m-08c60483.pth",
    "finetuned_path": "/home/marjans/DinoV3LightningTraining/output_hf/checkpoints/last.ckpt",
    "models_loaded": {
      "original": true,
      "finetuned": true
    }
  },
  "feature_statistics": {
    "original": {
      "name": "original",
      "shape": [
        7349,
        384
      ],
      "mean": 0.0006579260807484388,
      "std": 0.47127318382263184,
      "norm_mean": 9.231324195861816,
      "norm_std": 0.26204243302345276
    },
    "finetuned": {
      "name": "finetuned",
      "shape": [
        7349,
        384
      ],
      "mean": -0.0013179440284147859,
      "std": 0.5183272957801819,
      "norm_mean": 10.153675079345703,
      "norm_std": 0.26491519808769226
    }
  },
  "dimensionality_reduction": {
    "pca_components": 50,
    "tsne_perplexity": 30,
    "umap_neighbors": 15
  },
  "explained_variance": {
    "original": [
      0.08134204149246216,
      0.06619889289140701,
      0.0476180762052536,
      0.044135771691799164,
      0.038793906569480896,
      0.03555788844823837,
      0.029753198847174644,
      0.026401912793517113,
      0.025962714105844498,
      0.02431553043425083,
      0.02010359615087509,
      0.018971223384141922,
      0.018842637538909912,
      0.016036946326494217,
      0.015396908856928349,
      0.013940720818936825,
      0.012386767193675041,
      0.011798868887126446,
      0.010798529721796513,
      0.010093402117490768,
      0.009439075365662575,
      0.009004215709865093,
      0.008560189977288246,
      0.008204893209040165,
      0.007871614769101143,
      0.007526392117142677,
      0.007237378507852554,
      0.006683384999632835,
      0.006432220805436373,
      0.006155922077596188,
      0.006139999721199274,
      0.0060911462642252445,
      0.006003962829709053,
      0.00583296176046133,
      0.005475024227052927,
      0.005315578542649746,
      0.005082933697849512,
      0.004925022833049297,
      0.004867597948759794,
      0.00473943492397666,
      0.004602266009896994,
      0.0045542106963694096,
      0.0042624687775969505,
      0.004234640393406153,
      0.004053160082548857,
      0.004026578739285469,
      0.003924911376088858,
      0.00385742774233222,
      0.003783999942243099,
      0.0037536227609962225
    ],
    "finetuned": [
      0.039217375218868256,
      0.03591756895184517,
      0.031584445387125015,
      0.028608210384845734,
      0.0284555796533823,
      0.027857990935444832,
      0.02582072839140892,
      0.0246395543217659,
      0.022126341238617897,
      0.021677972748875618,
      0.02085496298968792,
      0.019549373537302017,
      0.019104961305856705,
      0.01780863292515278,
      0.0169802438467741,
      0.016044141724705696,
      0.015153004787862301,
      0.014461505226790905,
      0.01379241794347763,
      0.013501991517841816,
      0.012509722262620926,
      0.012146539986133575,
      0.011886591091752052,
      0.01162293367087841,
      0.010885216295719147,
      0.010655477643013,
      0.010362762957811356,
      0.009912594221532345,
      0.009203837253153324,
      0.00902093481272459,
      0.008723117411136627,
      0.008131681941449642,
      0.008061087690293789,
      0.007871711626648903,
      0.007461695000529289,
      0.007448905613273382,
      0.007231228519231081,
      0.0069872732274234295,
      0.006726992782205343,
      0.006601277273148298,
      0.006321253255009651,
      0.006144779734313488,
      0.0059074400924146175,
      0.00578116113319993,
      0.005679688416421413,
      0.005460948683321476,
      0.005430304910987616,
      0.005394281819462776,
      0.005181469954550266,
      0.005060079973191023
    ]
  }
}